company_name,description,sector,stage,geography,traction,founder_background,referral_source
DataAI,None improve today color economic coach.,Enterprise AI,Seed,Germany,20 enterprise pilots,AI researcher from Cambridge,Warm intro
CloudOps,Fact also song major skin choose six guy process learn.,HealthTech B2B,Series B,UK,£30k MRR,Ex-Stripe engineer,Partner referral
FlowForge,Test environment source fly material organization.,HealthTech B2B,Pre-seed,Spain,20 enterprise pilots,AI researcher from Cambridge,Event
LogicWorks,Police record to until song within senior reason rest trouble.,LegalTech,Series A,Canada,£30k MRR,Former SAP product lead,Cold inbound
PayPilot,Agent as health decision camera apply picture light office will main through interest.,Climate SaaS,Seed,Canada,12 customers,Ex-Stripe engineer,Warm intro
LogicOps,Fund idea can make town film fine song.,Developer Tools,Series A,Spain,12 customers,Ex-Stripe engineer,Cold inbound
CloudOps,Could manage thank now road measure.,HR Tech,Pre-seed,Spain,12 customers,AI researcher from Cambridge,Event
PayIQ,Nor ground drive machine control new worry senior.,Cybersecurity,Pre-seed,UK,20 enterprise pilots,Ex-Google engineer,Warm intro
FlowOps,Know until face management evidence us or.,HR Tech,Series A,Netherlands,12 customers,Former SAP product lead,Website
PayWorks,Owner main matter pick none many goal.,Enterprise AI,Pre-seed,Spain,20 enterprise pilots,Repeat founder,Partner referral
CarbonCloud,And win loss food lose all here set.,HR Tech,Series A,US,20 enterprise pilots,AI researcher from Cambridge,Website
FinWorks,Dark note force reason son special significant writer meeting change.,B2B SaaS,Series A,Netherlands,12 customers,Ex-Stripe engineer,Partner referral
CoreStack,For call billion nearly southern station.,Cybersecurity,Series B,Netherlands,Growing ARR,Former SAP product lead,Website
CarbonWorks,Particularly care bring wall little hit energy white talk reason sign price.,Supply Chain SaaS,Series A,US,Growing ARR,Repeat founder,Cold inbound
PayWorks,Store professional page development notice civil.,Climate SaaS,Series B,UK,£30k MRR,Ex-Stripe engineer,Partner referral
CarbonLabs,Each heavy third cell something miss evidence.,HealthTech B2B,Pre-seed,Netherlands,Growing ARR,Repeat founder,Cold inbound
CloudPilot,Figure the approach central she style maintain campaign herself despite.,Supply Chain SaaS,Pre-seed,US,£30k MRR,AI researcher from Cambridge,Event
GridStack,Against interview indeed old available operation pick writer collection husband billion.,FinTech SaaS,Series A,Netherlands,20 enterprise pilots,Former McKinsey consultant,Warm intro
GridForge,High mean single fight room employee.,Climate SaaS,Pre-seed,Canada,12 customers,AI researcher from Cambridge,Event
CoreWorks,Necessary fly threat government really however heart production professional character special within draw.,Climate SaaS,Series A,Canada,20 enterprise pilots,Repeat founder,Event
FinIQ,Check able foot tough agent technology yes.,Developer Tools,Series B,UK,£30k MRR,Ex-Google engineer,Website
FlowAI,Issue he senior capital seek better or think follow manage research mouth.,Cybersecurity,Pre-seed,UK,Growing ARR,Ex-Stripe engineer,Event
CarbonBridge,Every into himself agreement girl exist dinner.,LegalTech,Seed,France,Growing ARR,Former SAP product lead,Event
FlowPilot,Image else model themselves seven stay maybe probably yet.,HR Tech,Series A,Netherlands,Growing ARR,Ex-Stripe engineer,Partner referral
FlowOps,Relationship new produce before call tend room floor approach author somebody section.,Developer Tools,Pre-seed,Spain,20 enterprise pilots,Repeat founder,Partner referral
FinOps,Affect add stay step work team while lose star whatever over act work.,B2B SaaS,Seed,UK,£30k MRR,Ex-Google engineer,Warm intro
CloudWorks,Anyone Mr after responsibility capital smile ability.,Enterprise AI,Series B,Germany,20 enterprise pilots,AI researcher from Cambridge,Event
CoreCloud,Art movie food hair reach suddenly including beautiful.,Cybersecurity,Series B,Canada,Growing ARR,Former SAP product lead,Warm intro
DataLabs,Production fine chance seem pretty just friend.,Developer Tools,Series B,Netherlands,Growing ARR,AI researcher from Cambridge,Warm intro
DataAI,Themselves start speech up light truth.,HR Tech,Series A,Canada,£30k MRR,Former SAP product lead,Partner referral
FlowForge,Market article education analysis ball take soldier start issue east city next its.,LegalTech,Seed,Netherlands,20 enterprise pilots,Ex-Google engineer,Cold inbound
FlowOps,Person discussion political tell drug he film ten.,LegalTech,Pre-seed,UK,£30k MRR,Ex-Stripe engineer,Partner referral
CarbonLabs,Thank rich central yeah cause however.,LegalTech,Series B,Germany,Growing ARR,Ex-Stripe engineer,Partner referral
LogicAI,Many try air final much discover special easy think example hour.,HR Tech,Series A,Canada,Growing ARR,Ex-Google engineer,Cold inbound
CloudCloud,Head night control program discussion conference eye.,Climate SaaS,Seed,France,20 enterprise pilots,Ex-Stripe engineer,Event
CloudAI,Study moment east people Mr Democrat government sense fast exactly better water thought while.,Developer Tools,Pre-seed,UK,Growing ARR,Repeat founder,Event
CarbonAI,Letter dog image decade woman material she college.,Supply Chain SaaS,Pre-seed,Canada,20 enterprise pilots,Ex-Stripe engineer,Event
DataWorks,Worry range too table toward major talk establish prove admit but.,HR Tech,Pre-seed,Spain,20 enterprise pilots,Repeat founder,Event
FinIQ,Believe discuss feel skin direction choice project.,FinTech SaaS,Series B,US,12 customers,Ex-Google engineer,Partner referral
PayWorks,Goal beyond according suggest table oil listen on.,Enterprise AI,Series B,Germany,12 customers,Former McKinsey consultant,Website
DataAI,Success write today although look determine half argue game movement well.,LegalTech,Pre-seed,UK,20 enterprise pilots,Repeat founder,Website
CarbonStack,Second feeling all recognize development drop other value.,FinTech SaaS,Seed,France,12 customers,Former SAP product lead,Cold inbound
CloudPilot,Off team many successful low blue sound fight task.,HealthTech B2B,Pre-seed,US,12 customers,AI researcher from Cambridge,Warm intro
CarbonPilot,Suggest suddenly job participant exactly onto should.,FinTech SaaS,Pre-seed,US,20 enterprise pilots,Ex-Google engineer,Website
CoreWorks,Executive institution answer control leg ability son which his.,Developer Tools,Seed,US,12 customers,Repeat founder,Cold inbound
GridAI,Question way agreement act include oil local ok.,FinTech SaaS,Series B,Canada,12 customers,Ex-Stripe engineer,Warm intro
PayBridge,Pass but work hand attention care pressure picture manager standard sea want small.,Enterprise AI,Seed,US,Growing ARR,Repeat founder,Cold inbound
CloudAI,Police address situation good democratic in year senior avoid throughout either church.,FinTech SaaS,Pre-seed,US,20 enterprise pilots,Repeat founder,Warm intro
PayIQ,Adult face top structure employee both matter little on record.,Supply Chain SaaS,Seed,Netherlands,20 enterprise pilots,Ex-Stripe engineer,Website
PayAI,Mind treat argue type during next sea off employee could however audience age.,Developer Tools,Seed,US,20 enterprise pilots,AI researcher from Cambridge,Warm intro
PayForge,Home similar computer research phone even theory.,HR Tech,Seed,Germany,20 enterprise pilots,Former SAP product lead,Cold inbound
FinBridge,Take strong mind case none bank painting action three energy pattern.,Developer Tools,Series B,Canada,20 enterprise pilots,Ex-Google engineer,Partner referral
DataLabs,Lawyer quite continue onto him arrive air view.,B2B SaaS,Series B,Germany,20 enterprise pilots,Former McKinsey consultant,Website
GridWorks,Travel key yes note large know of rock work family culture.,Cybersecurity,Pre-seed,US,20 enterprise pilots,Former McKinsey consultant,Website
GridOps,Night ago before line under house capital son role stand of.,Enterprise AI,Series A,US,Growing ARR,AI researcher from Cambridge,Event
PayAI,Direction evidence concern effect street set interesting organization interview.,FinTech SaaS,Series A,Germany,12 customers,Ex-Stripe engineer,Warm intro
CoreLabs,Class north else bed national prevent something art last contain.,Developer Tools,Series A,Netherlands,£30k MRR,Former McKinsey consultant,Event
FlowPilot,Majority minute once ten kind tell man hour step make necessary what.,B2B SaaS,Series B,UK,20 enterprise pilots,Ex-Google engineer,Cold inbound
DataStack,Guy low now material network inside move ability list play ok.,HealthTech B2B,Series A,US,£30k MRR,AI researcher from Cambridge,Website
CloudPilot,Section probably agency myself focus animal simple finish go read decade pressure.,HR Tech,Series A,Netherlands,12 customers,Repeat founder,Partner referral
FlowLabs,Recently chair view site travel lead day mention analysis play treat authority democratic.,HR Tech,Seed,Spain,12 customers,Former McKinsey consultant,Event
FinPilot,Sell newspaper cut over even positive real military money success.,Enterprise AI,Seed,Netherlands,12 customers,Former McKinsey consultant,Cold inbound
ScaleWorks,Consumer lot growth remain though level simple like federal author piece.,Supply Chain SaaS,Series B,Canada,20 enterprise pilots,AI researcher from Cambridge,Warm intro
GridForge,Nothing pattern ok economic believe project name simple remember.,HealthTech B2B,Series A,UK,20 enterprise pilots,AI researcher from Cambridge,Website
FlowWorks,Discuss so establish radio discover any back including sell home.,Climate SaaS,Pre-seed,UK,20 enterprise pilots,Former McKinsey consultant,Event
DataCloud,Mission common weight despite right suggest why message because success science traditional community.,HR Tech,Seed,US,Growing ARR,Former McKinsey consultant,Cold inbound
FlowBridge,Structure section wrong hundred church reach road.,B2B SaaS,Pre-seed,Canada,Growing ARR,Former SAP product lead,Partner referral
CloudCloud,Each market difficult woman hour side thing feel piece.,B2B SaaS,Seed,Canada,£30k MRR,Former McKinsey consultant,Partner referral
ScaleForge,News real expert range practice professor.,Supply Chain SaaS,Series A,Canada,Growing ARR,Repeat founder,Event
LogicForge,Finally size leader young discover between policy industry.,LegalTech,Seed,US,Growing ARR,Former McKinsey consultant,Website
FlowPilot,Base order late cup room environmental within.,Supply Chain SaaS,Series B,US,20 enterprise pilots,Ex-Google engineer,Cold inbound
DataPilot,Activity affect lot study him join animal land heavy happen run position.,Cybersecurity,Series A,France,12 customers,Repeat founder,Warm intro
CarbonBridge,Away director image vote follow front bar tell room.,Cybersecurity,Series B,US,20 enterprise pilots,AI researcher from Cambridge,Partner referral
DataLabs,Skin former past sea health hope series attack go instead example activity.,HR Tech,Series A,Spain,Growing ARR,Former McKinsey consultant,Warm intro
FlowLabs,Stock knowledge machine not which write position save top.,HR Tech,Pre-seed,Canada,Growing ARR,Former McKinsey consultant,Warm intro
PayPilot,Hear music can need such behavior those what family who through.,HR Tech,Series B,Spain,20 enterprise pilots,Former McKinsey consultant,Partner referral
GridLabs,Option fly politics letter hundred year little those.,LegalTech,Pre-seed,Netherlands,12 customers,AI researcher from Cambridge,Cold inbound
CarbonCloud,Edge run action learn dream enjoy.,Climate SaaS,Pre-seed,Netherlands,£30k MRR,Ex-Stripe engineer,Cold inbound
CarbonCloud,Win name consumer different later black line whatever offer laugh remember team.,Climate SaaS,Pre-seed,France,Growing ARR,Ex-Google engineer,Partner referral
ScaleStack,Author or mother success however finally popular buy step.,Developer Tools,Series B,France,Growing ARR,Ex-Google engineer,Warm intro
ScaleAI,Say nice matter grow war report.,Supply Chain SaaS,Pre-seed,France,20 enterprise pilots,AI researcher from Cambridge,Warm intro
FinAI,For feeling draw nature not culture red garden difficult season little.,Cybersecurity,Seed,Canada,£30k MRR,Repeat founder,Partner referral
FlowBridge,Maintain cause firm very theory attorney resource while.,LegalTech,Pre-seed,Spain,20 enterprise pilots,Former McKinsey consultant,Website
PayBridge,Sport inside question choose air baby product large.,HealthTech B2B,Pre-seed,Canada,20 enterprise pilots,Ex-Google engineer,Warm intro
CoreAI,Glass price group manage director listen race kind long really under front.,Enterprise AI,Series B,Netherlands,20 enterprise pilots,Ex-Stripe engineer,Event
FlowOps,Couple station tax give reflect clearly.,Enterprise AI,Pre-seed,Canada,£30k MRR,Ex-Google engineer,Event
LogicStack,Night indeed always then fight certainly why control a.,FinTech SaaS,Series A,UK,Growing ARR,Former McKinsey consultant,Warm intro
LogicStack,Find million truth service develop teacher true feel.,LegalTech,Seed,Netherlands,20 enterprise pilots,AI researcher from Cambridge,Event
GridIQ,Fill miss agency worker power Mr movie.,Supply Chain SaaS,Series B,Netherlands,Growing ARR,AI researcher from Cambridge,Event
GridStack,Billion sense spring me who drug.,Cybersecurity,Pre-seed,France,Growing ARR,Former SAP product lead,Cold inbound
CoreIQ,Standard matter majority black tend skill even design record note.,HR Tech,Series A,UK,Growing ARR,Ex-Google engineer,Partner referral
ScaleWorks,Parent hundred commercial church season according surface last with early decision.,Developer Tools,Series A,France,12 customers,Repeat founder,Website
CloudAI,Remain chance bad chance seek stuff.,Supply Chain SaaS,Seed,UK,20 enterprise pilots,AI researcher from Cambridge,Cold inbound
ScaleForge,Group top left bank main them.,Cybersecurity,Series B,US,Growing ARR,Former McKinsey consultant,Warm intro
DataPilot,Last surface international difficult official election bill may next evening note.,Cybersecurity,Series B,US,20 enterprise pilots,Ex-Google engineer,Event
PayCloud,Fire issue similar increase seek else.,Supply Chain SaaS,Series A,Netherlands,12 customers,Ex-Google engineer,Cold inbound
GridPilot,Performance suffer purpose with attorney hand seem body probably audience south pretty.,Enterprise AI,Seed,UK,20 enterprise pilots,Ex-Google engineer,Warm intro
CloudBridge,Quickly win receive moment hard rather laugh foreign beautiful.,Cybersecurity,Seed,US,Growing ARR,Ex-Google engineer,Event
CloudIQ,Future yard car available save without owner very yet parent blue finally.,Enterprise AI,Pre-seed,Canada,20 enterprise pilots,Ex-Google engineer,Partner referral
PayBridge,Nature inside dream American anyone window oil similar power knowledge.,Enterprise AI,Pre-seed,US,20 enterprise pilots,Ex-Google engineer,Warm intro
FinForge,Military size find watch huge number.,Enterprise AI,Seed,US,Growing ARR,Ex-Stripe engineer,Warm intro
CorePilot,Positive everyone new why by any group certainly walk either answer.,LegalTech,Series B,Netherlands,12 customers,Former SAP product lead,Warm intro
GridCloud,Want test develop little send price west word affect model student.,FinTech SaaS,Pre-seed,Netherlands,Growing ARR,Ex-Stripe engineer,Event
FinBridge,Research personal prove eight book source exactly side.,Climate SaaS,Series A,UK,20 enterprise pilots,Ex-Stripe engineer,Event
LogicIQ,Popular perform opportunity safe coach a create economic because simply two piece.,HealthTech B2B,Seed,Canada,Growing ARR,Former McKinsey consultant,Cold inbound
GridIQ,My anyone onto character debate since society student special hot politics push executive.,HR Tech,Series A,Spain,£30k MRR,Repeat founder,Warm intro
FlowWorks,Impact big worker hour each agree.,Enterprise AI,Pre-seed,Germany,20 enterprise pilots,Former SAP product lead,Event
DataBridge,Medical election either game financial newspaper notice per admit up loss general.,B2B SaaS,Series B,Netherlands,Growing ARR,Ex-Google engineer,Warm intro
FlowPilot,Herself whether since easy from line bit audience edge fight soldier soon.,Enterprise AI,Series B,UK,20 enterprise pilots,Ex-Google engineer,Event
FlowLabs,Present traditional scientist one amount political prove water them life.,FinTech SaaS,Seed,US,20 enterprise pilots,Ex-Google engineer,Partner referral
DataAI,Certain if charge sense Congress believe.,Climate SaaS,Series A,Spain,12 customers,Former McKinsey consultant,Warm intro
ScalePilot,Step maintain smile suffer more above analysis.,HR Tech,Series A,Spain,Growing ARR,Former McKinsey consultant,Warm intro
CoreAI,Wear standard home present place national key plan.,HR Tech,Series A,Spain,12 customers,Ex-Stripe engineer,Warm intro
FlowIQ,Tell form television mouth sport memory.,HealthTech B2B,Pre-seed,Canada,12 customers,Repeat founder,Warm intro
CarbonCloud,Although everybody bed give letter bag participant attention program stop everyone decide card.,Supply Chain SaaS,Series B,France,20 enterprise pilots,Repeat founder,Cold inbound
ScaleOps,Finally push find true whom husband road find.,LegalTech,Series A,Netherlands,12 customers,Ex-Google engineer,Warm intro
CarbonStack,Suddenly become treatment appear stand last share PM discuss heavy full party book.,HR Tech,Series B,France,Growing ARR,Repeat founder,Warm intro
ScaleOps,Material care off interest modern board memory position executive.,Developer Tools,Series A,France,£30k MRR,Former McKinsey consultant,Event
FinForge,Need commercial history give a pattern artist simply any instead especially agree.,LegalTech,Series B,UK,20 enterprise pilots,Repeat founder,Website
CoreCloud,Summer challenge compare can suddenly mind positive away east another worker.,LegalTech,Pre-seed,Germany,12 customers,Repeat founder,Partner referral
GridCloud,Capital pass cell story woman large.,LegalTech,Pre-seed,UK,20 enterprise pilots,AI researcher from Cambridge,Partner referral
GridForge,Require truth maintain outside personal watch require.,B2B SaaS,Series B,UK,20 enterprise pilots,Ex-Stripe engineer,Cold inbound
DataBridge,Color response ask impact mission player black reflect certain result.,LegalTech,Series A,Spain,12 customers,Former McKinsey consultant,Cold inbound
ScaleWorks,Our coach too another billion radio relationship method provide how enough pattern.,LegalTech,Seed,Netherlands,20 enterprise pilots,Repeat founder,Event
CarbonOps,Talk field rise sing environment someone early.,Enterprise AI,Series B,France,12 customers,Ex-Stripe engineer,Website
GridIQ,Business serve recognize suffer way name tonight sort job agent.,HealthTech B2B,Series B,Canada,20 enterprise pilots,Former McKinsey consultant,Event
ScaleStack,At require pressure hold pressure market hotel.,Developer Tools,Series B,Netherlands,12 customers,Former SAP product lead,Partner referral
CoreLabs,President worry guy space ago Congress lawyer now at model player seat.,Cybersecurity,Series B,UK,12 customers,AI researcher from Cambridge,Cold inbound
LogicLabs,Seem certain budget kitchen another four identify create structure.,Climate SaaS,Series B,UK,20 enterprise pilots,Repeat founder,Event
PayOps,We condition property trip box line any simply different fear special will.,LegalTech,Pre-seed,Spain,Growing ARR,Ex-Stripe engineer,Partner referral
LogicBridge,Exactly so will store central value.,FinTech SaaS,Series B,Canada,12 customers,Ex-Google engineer,Event
LogicOps,Collection such identify nation teacher well sell.,Developer Tools,Series B,France,Growing ARR,Repeat founder,Warm intro
CoreOps,Most animal she five media there.,Cybersecurity,Series A,Germany,£30k MRR,Former McKinsey consultant,Warm intro
DataCloud,Office movie court smile industry ground water allow outside inside suffer.,Climate SaaS,Series A,UK,£30k MRR,Ex-Google engineer,Warm intro
GridStack,Successful draw civil source picture experience operation population admit.,Developer Tools,Series B,Germany,20 enterprise pilots,Repeat founder,Cold inbound
CoreBridge,Heart step near rock put building.,Climate SaaS,Seed,UK,Growing ARR,Repeat founder,Partner referral
ScaleIQ,Man any church quickly answer soon spring dinner perform land.,Climate SaaS,Seed,Netherlands,12 customers,Former McKinsey consultant,Website
FinCloud,Add position trade history share option machine heart state trade.,Enterprise AI,Seed,UK,Growing ARR,Ex-Google engineer,Event
GridLabs,Fund strong risk know star risk stop after office leave.,Enterprise AI,Series B,Canada,12 customers,Former SAP product lead,Cold inbound
ScaleOps,Itself some generation attention level somebody data happy town enough line west Republican.,Cybersecurity,Series B,Spain,12 customers,Repeat founder,Website
GridAI,Worker really cover develop occur act international character sometimes dog.,HR Tech,Series A,UK,£30k MRR,Repeat founder,Cold inbound
GridWorks,Training require alone cell food class century health size few.,HealthTech B2B,Series A,Germany,20 enterprise pilots,Repeat founder,Website
CarbonOps,Science take east poor can item at difference manager vote.,B2B SaaS,Series A,Canada,Growing ARR,Ex-Stripe engineer,Event
PayBridge,Size cultural box officer security party house.,FinTech SaaS,Series A,France,Growing ARR,Former SAP product lead,Partner referral
CarbonForge,Price or notice reality science general anything side both image.,Developer Tools,Series A,Canada,20 enterprise pilots,Ex-Google engineer,Cold inbound
GridStack,Require smile every pick nearly walk.,FinTech SaaS,Series B,UK,20 enterprise pilots,Former SAP product lead,Cold inbound
CloudStack,Three why why statement table order relate raise executive.,FinTech SaaS,Series B,UK,12 customers,Repeat founder,Warm intro
ScaleStack,Quite apply born if owner account upon power brother return recent.,Enterprise AI,Series B,Canada,12 customers,Ex-Stripe engineer,Partner referral
ScaleAI,Third ready will pressure heavy new push.,HealthTech B2B,Series A,Spain,20 enterprise pilots,AI researcher from Cambridge,Warm intro
ScalePilot,Few fall rock suggest bill rate eye society to.,HR Tech,Pre-seed,Germany,£30k MRR,Ex-Stripe engineer,Website
ScaleOps,During forward give your contain tough voice wait perhaps create people record.,FinTech SaaS,Seed,Spain,20 enterprise pilots,Former McKinsey consultant,Cold inbound
PayForge,Fill wait born sure know decade usually feel describe glass.,HR Tech,Seed,Netherlands,£30k MRR,Former McKinsey consultant,Event
LogicPilot,Attack democratic will response indeed law financial pull leader.,B2B SaaS,Series A,Germany,Growing ARR,Former McKinsey consultant,Partner referral
PayOps,Without campaign economy life others employee than day something white issue receive the.,Developer Tools,Series A,UK,Growing ARR,Ex-Google engineer,Partner referral
DataCloud,Across history fill development child understand floor trip rule character tonight meeting group.,FinTech SaaS,Seed,US,£30k MRR,Ex-Stripe engineer,Website
FlowBridge,Design go police stay mother must how upon growth on.,HealthTech B2B,Seed,UK,20 enterprise pilots,Repeat founder,Partner referral
FlowStack,Gun air control for finish gas.,Climate SaaS,Pre-seed,France,20 enterprise pilots,Former SAP product lead,Event
GridBridge,Save lot everybody through especially later environmental daughter write exist yard them.,FinTech SaaS,Pre-seed,Germany,£30k MRR,Ex-Google engineer,Partner referral
CoreStack,Should author soldier should minute end event open describe most.,B2B SaaS,Seed,France,£30k MRR,Former SAP product lead,Cold inbound
CloudOps,Their present institution policy these how western here various per later.,FinTech SaaS,Series B,Netherlands,12 customers,Repeat founder,Event
DataCloud,You television music reflect special big both Democrat kitchen.,Supply Chain SaaS,Seed,Spain,£30k MRR,AI researcher from Cambridge,Event
GridCloud,Behind doctor also expert different especially allow example.,B2B SaaS,Pre-seed,Netherlands,Growing ARR,Former McKinsey consultant,Warm intro
ScaleCloud,Even difference game director water situation.,FinTech SaaS,Pre-seed,France,20 enterprise pilots,Ex-Stripe engineer,Partner referral
GridIQ,Guess defense value lay someone work central.,HealthTech B2B,Series A,Netherlands,12 customers,Former McKinsey consultant,Event
CoreLabs,Carry style record direction need use dark anyone class simple stuff.,FinTech SaaS,Pre-seed,Canada,20 enterprise pilots,Former McKinsey consultant,Cold inbound
FlowLabs,Size man hand region prevent fill course.,Developer Tools,Series B,Netherlands,Growing ARR,AI researcher from Cambridge,Warm intro
PayLabs,Stay charge system carry six remain movement citizen economic reason.,Developer Tools,Series A,France,20 enterprise pilots,AI researcher from Cambridge,Cold inbound
DataOps,Trip stand white near evening idea everything even.,FinTech SaaS,Pre-seed,Netherlands,£30k MRR,AI researcher from Cambridge,Website
CarbonForge,Area listen win prove common quality couple better a.,B2B SaaS,Series A,US,£30k MRR,Former McKinsey consultant,Website
LogicAI,Quickly those movie safe argue office.,Enterprise AI,Series A,France,£30k MRR,Repeat founder,Event
FlowBridge,Pay financial education keep among crime happy summer share hear receive goal.,LegalTech,Seed,Canada,£30k MRR,Ex-Google engineer,Event
PayOps,Hot more phone develop ago arrive baby.,Enterprise AI,Seed,Canada,Growing ARR,Repeat founder,Event
CoreForge,Develop data knowledge agency only check should group.,B2B SaaS,Series A,UK,20 enterprise pilots,Ex-Google engineer,Website
PayStack,Since pull hit your night consumer.,B2B SaaS,Seed,Canada,20 enterprise pilots,Repeat founder,Cold inbound
DataBridge,Sometimes view positive office federal two prepare try stay.,B2B SaaS,Pre-seed,US,20 enterprise pilots,Former McKinsey consultant,Cold inbound
ScaleStack,Cause score top bring figure himself size senior left.,Climate SaaS,Series A,France,12 customers,Repeat founder,Event
DataAI,Kind southern leader hospital student compare less share very statement.,Climate SaaS,Seed,Canada,£30k MRR,AI researcher from Cambridge,Warm intro
GridCloud,Improve which you national level more blue key.,HR Tech,Series B,Spain,Growing ARR,Former McKinsey consultant,Website
FlowForge,Production occur people try receive pretty experience market.,FinTech SaaS,Series A,Netherlands,£30k MRR,Ex-Google engineer,Event
ScaleForge,Leader build southern computer purpose condition cup truth.,Enterprise AI,Pre-seed,Germany,Growing ARR,Repeat founder,Warm intro
FinWorks,Material yeah wait risk believe example civil force fill art read.,Enterprise AI,Seed,Canada,20 enterprise pilots,Ex-Google engineer,Website
PayOps,Bank grow less fall hold buy military.,B2B SaaS,Series B,US,Growing ARR,Former SAP product lead,Partner referral
LogicForge,With energy during media community option American.,Cybersecurity,Series A,UK,Growing ARR,AI researcher from Cambridge,Warm intro
LogicAI,Back similar beyond federal start six present number whom or its less view.,LegalTech,Pre-seed,Canada,12 customers,Repeat founder,Cold inbound
CoreLabs,Its his out machine nice nation green chance purpose community pattern explain possible.,HR Tech,Series A,UK,Growing ARR,Ex-Stripe engineer,Website
CarbonIQ,Will inside network suddenly still cell bad prepare.,LegalTech,Series A,UK,Growing ARR,Ex-Stripe engineer,Partner referral
LogicIQ,Room result computer its claim particular performance chance car technology base follow.,HR Tech,Pre-seed,Netherlands,12 customers,AI researcher from Cambridge,Website
FlowStack,Tend music call worry hit evidence authority take word site.,Climate SaaS,Pre-seed,Spain,£30k MRR,Repeat founder,Event
FlowStack,Toward interest within region something across camera plant sound fire.,Developer Tools,Seed,Germany,£30k MRR,Former SAP product lead,Website
FlowBridge,Through up arrive southern identify green skill instead.,HealthTech B2B,Seed,Canada,£30k MRR,Former SAP product lead,Cold inbound
ScaleIQ,Computer which probably go beyond something hit administration break shake.,HealthTech B2B,Series B,US,12 customers,AI researcher from Cambridge,Website
CarbonCloud,Child opportunity step worry president gas which yourself month design.,FinTech SaaS,Series B,Netherlands,12 customers,Ex-Google engineer,Event
FinStack,Democrat cause specific past wear child science.,Supply Chain SaaS,Pre-seed,France,Growing ARR,Former McKinsey consultant,Warm intro
FinStack,Future election it can table citizen senior new life body do.,Enterprise AI,Pre-seed,US,£30k MRR,Repeat founder,Event
CloudLabs,Despite reach ten will quality thought wife may father.,LegalTech,Pre-seed,Netherlands,20 enterprise pilots,Ex-Google engineer,Event
ScaleForge,Often reveal series audience seem their PM.,Climate SaaS,Pre-seed,Netherlands,£30k MRR,Ex-Google engineer,Warm intro
CloudBridge,Here college five American meeting who Congress relate.,B2B SaaS,Seed,US,Growing ARR,Former McKinsey consultant,Event
CloudIQ,Official opportunity their relate born room simply person probably give floor miss.,Climate SaaS,Series A,France,12 customers,Former McKinsey consultant,Cold inbound
PayIQ,Hospital political tough which pressure situation interest a painting us however event skill.,B2B SaaS,Series A,UK,12 customers,Ex-Stripe engineer,Event
LogicPilot,Six officer city new bank respond.,Enterprise AI,Seed,France,£30k MRR,Repeat founder,Partner referral
PayPilot,Game rate create heart large common adult tell defense turn they base.,HR Tech,Seed,Spain,£30k MRR,Ex-Google engineer,Event
LogicStack,Thought cell grow training first team high a century country attention talk data.,Climate SaaS,Pre-seed,US,Growing ARR,Repeat founder,Website
FinStack,Reveal kind develop vote share nor hope six.,Enterprise AI,Seed,Germany,12 customers,Former McKinsey consultant,Partner referral
FlowBridge,Peace among participant type large politics mean machine animal without interview about fly stage.,Climate SaaS,Pre-seed,France,£30k MRR,Repeat founder,Event
CloudAI,Reach hit allow by worry health standard few.,Developer Tools,Seed,Spain,Growing ARR,Former SAP product lead,Partner referral
CarbonIQ,Market treat social kitchen close traditional leader those until.,Climate SaaS,Series B,UK,Growing ARR,Ex-Google engineer,Partner referral
ScaleIQ,Commercial war region expect water test more travel.,Enterprise AI,Series B,Germany,20 enterprise pilots,Ex-Google engineer,Cold inbound
FlowStack,Spend Mrs office tell help can send administration.,HealthTech B2B,Series B,Netherlands,12 customers,Former McKinsey consultant,Event
CloudLabs,Maybe increase better require themselves use media debate.,Climate SaaS,Seed,Canada,20 enterprise pilots,Ex-Google engineer,Warm intro
ScaleStack,Customer seek decide policy decision direction account eight.,Supply Chain SaaS,Pre-seed,US,£30k MRR,Ex-Google engineer,Warm intro
CarbonPilot,Show late notice bag security success pay industry federal.,LegalTech,Seed,Canada,Growing ARR,Ex-Stripe engineer,Partner referral
ScaleStack,Today information fill yet adult medical day lead military.,B2B SaaS,Series B,UK,Growing ARR,Repeat founder,Website
FlowLabs,Best happy party take here attorney.,FinTech SaaS,Series A,Germany,£30k MRR,Ex-Google engineer,Warm intro
PayBridge,Short book marriage surface sort center message care clear.,Climate SaaS,Pre-seed,France,Growing ARR,AI researcher from Cambridge,Partner referral
ScaleCloud,Practice technology develop have full party show.,HealthTech B2B,Pre-seed,UK,£30k MRR,Ex-Google engineer,Partner referral
CarbonForge,Something chance moment prepare yard candidate study ability.,HealthTech B2B,Series B,UK,12 customers,Former SAP product lead,Website
DataAI,Seat nation agent civil claim age others big rate during artist big.,Cybersecurity,Series B,US,Growing ARR,Ex-Stripe engineer,Warm intro
ScaleIQ,Wide gun record those return hotel material concern third.,Supply Chain SaaS,Pre-seed,US,20 enterprise pilots,AI researcher from Cambridge,Partner referral
GridLabs,Possible management church capital a strategy listen draw toward.,B2B SaaS,Series A,Germany,Growing ARR,Former SAP product lead,Warm intro
CloudStack,Understand traditional trade trial again cover need bit small sign kid.,FinTech SaaS,Pre-seed,Netherlands,Growing ARR,Ex-Stripe engineer,Cold inbound
PayPilot,Front young like cut news increase really couple most.,B2B SaaS,Series A,Canada,£30k MRR,Ex-Google engineer,Partner referral
DataIQ,Style small language once through begin notice happen until.,Developer Tools,Seed,UK,12 customers,Repeat founder,Website
CarbonCloud,If yourself conference subject weight loss.,LegalTech,Seed,Canada,20 enterprise pilots,Ex-Stripe engineer,Cold inbound
FinPilot,Plant include best TV who room base.,Cybersecurity,Pre-seed,Canada,20 enterprise pilots,Ex-Stripe engineer,Website
GridForge,Bag yeah through of suggest least.,HR Tech,Series B,France,£30k MRR,AI researcher from Cambridge,Partner referral
GridStack,Win compare war boy condition federal focus mean machine perhaps day phone them entire.,B2B SaaS,Series A,France,£30k MRR,Ex-Google engineer,Cold inbound
LogicCloud,Capital wish leg company paper mean stay thank organization.,HR Tech,Series A,Germany,Growing ARR,AI researcher from Cambridge,Cold inbound
PayForge,Seven happen on yeah upon down.,Enterprise AI,Pre-seed,US,Growing ARR,Ex-Stripe engineer,Cold inbound
CoreBridge,Official practice much once read president so.,Supply Chain SaaS,Series A,France,£30k MRR,Ex-Stripe engineer,Website
GridPilot,Red box executive outside ok all rest stay article real perform between bar.,LegalTech,Series B,Germany,Growing ARR,Ex-Google engineer,Cold inbound
FinStack,Go skin lawyer growth manage bank writer student prove memory explain cause produce.,HealthTech B2B,Series B,France,£30k MRR,Ex-Stripe engineer,Cold inbound
PayForge,Light fall receive all share others hard field single.,Climate SaaS,Pre-seed,Germany,Growing ARR,Ex-Stripe engineer,Partner referral
DataWorks,Happen let reach town everyone player.,Developer Tools,Series A,Netherlands,£30k MRR,Repeat founder,Partner referral
ScaleStack,Away forward special item loss standard discover.,Developer Tools,Series B,Canada,£30k MRR,Repeat founder,Partner referral
CloudStack,Size relationship two material leave determine southern difficult then.,HR Tech,Series A,US,12 customers,Former SAP product lead,Warm intro
FinBridge,Produce after argue knowledge either left hard.,LegalTech,Series B,Spain,£30k MRR,Ex-Google engineer,Website
ScaleWorks,Family including pass else also necessary music against call staff over.,HealthTech B2B,Series A,US,Growing ARR,Former SAP product lead,Warm intro
CarbonOps,Down figure single understand expert great.,LegalTech,Seed,US,Growing ARR,Ex-Stripe engineer,Website
PayOps,Moment sometimes finally most safe pretty value station compare remember ball scientist writer.,Supply Chain SaaS,Series A,France,20 enterprise pilots,AI researcher from Cambridge,Partner referral
PayForge,Record focus list yourself issue such authority result lawyer.,Cybersecurity,Pre-seed,Germany,20 enterprise pilots,Former SAP product lead,Cold inbound
FinStack,He laugh walk although single national summer friend drop.,Supply Chain SaaS,Series A,Netherlands,20 enterprise pilots,Repeat founder,Warm intro
DataPilot,Relationship live law capital television plant clear less her hold.,HR Tech,Series B,Spain,Growing ARR,Former McKinsey consultant,Event
DataBridge,Break relationship skin individual sort country laugh.,Developer Tools,Pre-seed,Netherlands,Growing ARR,AI researcher from Cambridge,Event
PayBridge,Interesting important learn together significant it factor standard.,Supply Chain SaaS,Seed,Canada,20 enterprise pilots,Former McKinsey consultant,Event
FinOps,Build policy rock middle tend actually staff establish foreign then indeed probably.,Supply Chain SaaS,Seed,France,20 enterprise pilots,Former SAP product lead,Website
FlowStack,Cold TV anyone street imagine occur region have build concern second under rather.,Supply Chain SaaS,Series A,Canada,£30k MRR,Ex-Google engineer,Partner referral
CloudPilot,Ago traditional use reason total when sing where cup.,Climate SaaS,Series A,Spain,£30k MRR,Repeat founder,Partner referral
CoreIQ,Much church room red laugh pay consumer citizen.,Climate SaaS,Seed,US,12 customers,Repeat founder,Warm intro
FinOps,Own hope blue water international six instead physical level professional reason positive.,B2B SaaS,Series A,US,20 enterprise pilots,Repeat founder,Cold inbound
CoreAI,Ball raise leg organization hold amount describe happy shake position various.,LegalTech,Series A,US,12 customers,Former McKinsey consultant,Partner referral
LogicPilot,Little truth effect teach apply claim order common mission view address suggest.,LegalTech,Pre-seed,US,£30k MRR,Former SAP product lead,Cold inbound
LogicCloud,Spend reality quality mind hospital article save in reduce.,LegalTech,Seed,France,20 enterprise pilots,Ex-Google engineer,Website
PayLabs,Involve true base agree official north economy yes.,Climate SaaS,Series A,Spain,£30k MRR,Ex-Google engineer,Partner referral
ScaleOps,Yeah perform move economy enough behind pattern move power over song read while.,Enterprise AI,Series B,Germany,20 enterprise pilots,Ex-Stripe engineer,Warm intro
GridLabs,Under together skin performance professor former buy choice message.,HealthTech B2B,Series B,Germany,20 enterprise pilots,Ex-Google engineer,Event
PayWorks,Sign nature break which break entire boy sea.,Climate SaaS,Series B,Spain,Growing ARR,Former McKinsey consultant,Website
ScaleAI,Wall information win evidence federal section year dog.,FinTech SaaS,Series B,Spain,Growing ARR,Former SAP product lead,Partner referral
CoreStack,Involve challenge player while social imagine note last into once music song fear.,B2B SaaS,Pre-seed,France,Growing ARR,Repeat founder,Cold inbound
GridForge,Deep federal information issue difficult now along paper arm dinner third staff.,B2B SaaS,Pre-seed,Netherlands,20 enterprise pilots,Ex-Google engineer,Website
LogicStack,Message person church close hand face firm authority above old.,B2B SaaS,Series B,UK,20 enterprise pilots,Ex-Google engineer,Event
GridOps,Theory among hot protect real business while image tough participant.,HR Tech,Series B,Canada,12 customers,Repeat founder,Event
DataBridge,Light than action federal reveal animal.,FinTech SaaS,Series B,France,12 customers,Repeat founder,Website
CarbonWorks,Shake letter some study mission finish poor moment thought hear family management.,HealthTech B2B,Series B,Spain,£30k MRR,Ex-Stripe engineer,Warm intro
CarbonStack,Those east mind remember response cold.,LegalTech,Series B,Germany,20 enterprise pilots,Ex-Google engineer,Event
PayBridge,Until culture radio person behind bit several standard attention when would among.,HR Tech,Series A,Spain,12 customers,Repeat founder,Event
CloudCloud,Agent job unit family official break early Mr officer front still shoulder.,HealthTech B2B,Series A,Netherlands,£30k MRR,Ex-Google engineer,Website
DataLabs,Young skill take although tough worry talk grow east foreign third.,HealthTech B2B,Series A,Canada,£30k MRR,Repeat founder,Cold inbound
GridIQ,Especially forward always life no television child yes something religious.,HealthTech B2B,Seed,US,£30k MRR,Repeat founder,Cold inbound
CarbonForge,Year indeed wind work bad tonight catch watch run.,HealthTech B2B,Series B,Germany,20 enterprise pilots,Ex-Stripe engineer,Event
DataWorks,Score quality age assume six keep physical defense year note three hour.,B2B SaaS,Series B,France,Growing ARR,Former SAP product lead,Cold inbound
FlowLabs,Help laugh whose act economic record experience successful under cost young new.,Supply Chain SaaS,Series B,Canada,£30k MRR,AI researcher from Cambridge,Partner referral
CloudWorks,Improve economic decade fish state better take north.,Supply Chain SaaS,Series A,US,Growing ARR,Repeat founder,Cold inbound
PayBridge,Avoid player point common science debate enough while tonight reality situation more office.,LegalTech,Series A,Spain,12 customers,AI researcher from Cambridge,Website
CoreCloud,Although make budget example night full.,Cybersecurity,Seed,France,12 customers,Former SAP product lead,Website
GridWorks,Clear need note risk piece all student hour situation page.,LegalTech,Series A,Netherlands,12 customers,Repeat founder,Website
GridOps,Relationship not dream southern sister law support with audience American whether however.,HealthTech B2B,Series B,Netherlands,12 customers,Former SAP product lead,Website
FinPilot,Every ground popular design level measure door practice.,FinTech SaaS,Series A,Netherlands,12 customers,AI researcher from Cambridge,Cold inbound
FlowWorks,Particular total thank international receive pay mean I trade themselves.,Supply Chain SaaS,Series A,Spain,12 customers,Former SAP product lead,Warm intro
CoreIQ,Control can fast amount information focus real if sound challenge father.,Cybersecurity,Seed,UK,20 enterprise pilots,AI researcher from Cambridge,Partner referral
FinOps,Forward success light push hard central look small man.,HR Tech,Series A,US,Growing ARR,Ex-Stripe engineer,Partner referral
FinForge,Operation alone discover cup forget budget usually place have speech other.,Climate SaaS,Series B,US,Growing ARR,Former McKinsey consultant,Partner referral
GridStack,Rule only within share politics lead fear service particular leave boy test.,Enterprise AI,Pre-seed,Canada,£30k MRR,AI researcher from Cambridge,Event
FlowForge,Present management none major ball event low choice pull see lawyer style test.,B2B SaaS,Seed,Netherlands,20 enterprise pilots,Ex-Stripe engineer,Cold inbound
ScaleBridge,Occur available democratic participant media too.,Enterprise AI,Pre-seed,UK,12 customers,Repeat founder,Event
DataStack,Including nature position since plant book center.,Enterprise AI,Series B,US,Growing ARR,Former SAP product lead,Event
ScalePilot,Small water term anything help news commercial safe only.,Cybersecurity,Pre-seed,France,20 enterprise pilots,AI researcher from Cambridge,Cold inbound
GridBridge,Happy adult church particularly man use same east his.,B2B SaaS,Series A,Canada,12 customers,Repeat founder,Partner referral
CarbonIQ,Rich station drop unit home agency upon expect church most general matter.,HR Tech,Series B,Spain,12 customers,Ex-Stripe engineer,Cold inbound
DataBridge,Hand memory very really recently hear become mouth.,Climate SaaS,Series B,France,20 enterprise pilots,Ex-Stripe engineer,Website
LogicWorks,By data fight relate house whatever easy institution enough.,LegalTech,Series A,France,12 customers,Repeat founder,Event
FinPilot,Should open front safe produce knowledge but senior minute ahead success bad guy.,Developer Tools,Seed,UK,£30k MRR,Former McKinsey consultant,Website
CarbonLabs,Threat piece save instead stand place international.,Supply Chain SaaS,Series A,US,£30k MRR,AI researcher from Cambridge,Website
PayIQ,Start much instead future alone discuss others himself seat until.,Cybersecurity,Seed,Germany,Growing ARR,Former SAP product lead,Cold inbound
CoreStack,Account not morning part card same into cost make role her purpose.,HR Tech,Series B,Canada,20 enterprise pilots,Former SAP product lead,Event
DataForge,Few animal defense court learn sign nation hand kind something sing office information.,LegalTech,Series A,UK,£30k MRR,Ex-Stripe engineer,Event
CloudWorks,Allow involve bank seven according be north.,HealthTech B2B,Seed,Germany,12 customers,Repeat founder,Cold inbound
DataWorks,Much purpose Mrs pass herself state test less occur long.,HealthTech B2B,Series B,UK,Growing ARR,Ex-Stripe engineer,Cold inbound
CarbonForge,Inside event space drop understand recent.,HR Tech,Series B,Spain,£30k MRR,Repeat founder,Cold inbound
GridAI,Remain off conference word trip finally story decision only win much get.,HR Tech,Series A,Canada,£30k MRR,AI researcher from Cambridge,Partner referral
CoreOps,State live former call offer present involve.,B2B SaaS,Series B,France,£30k MRR,Repeat founder,Warm intro
DataCloud,They read anyone money oil none people idea.,B2B SaaS,Series A,Netherlands,20 enterprise pilots,Former SAP product lead,Cold inbound
PayLabs,Major including whatever factor growth page bad southern without enjoy generation.,LegalTech,Series B,Netherlands,£30k MRR,AI researcher from Cambridge,Event
CarbonStack,Image student seem remain score today relate clear general way continue others.,FinTech SaaS,Seed,Spain,Growing ARR,Repeat founder,Partner referral
FlowAI,Move light both benefit west into role success against effect story.,B2B SaaS,Series A,Netherlands,Growing ARR,Repeat founder,Cold inbound
FlowWorks,Feel style tend rather big along everyone.,LegalTech,Series A,Germany,12 customers,Former SAP product lead,Warm intro
FinLabs,Recently former color decade allow represent at fly throw already rule long project.,HealthTech B2B,Pre-seed,Germany,20 enterprise pilots,Ex-Stripe engineer,Warm intro
CoreAI,Party remember but specific change bill realize.,LegalTech,Pre-seed,Germany,£30k MRR,Former McKinsey consultant,Cold inbound
FlowForge,Free defense week with truth join sea.,Cybersecurity,Pre-seed,Germany,12 customers,Former SAP product lead,Event
PayIQ,Professional third hard scene out keep drop maintain.,HealthTech B2B,Series A,Germany,12 customers,Former SAP product lead,Event
FlowLabs,Guy hard oil represent treatment also PM.,Enterprise AI,Series A,UK,20 enterprise pilots,AI researcher from Cambridge,Cold inbound
CloudCloud,Difficult law offer wall individual design economic.,B2B SaaS,Series A,US,Growing ARR,Repeat founder,Website
LogicLabs,Behavior present information cover me prepare article environment upon impact indicate rock.,Climate SaaS,Series A,Netherlands,20 enterprise pilots,Repeat founder,Cold inbound
FlowWorks,Must game how option resource too civil her court win whose.,Enterprise AI,Seed,Canada,Growing ARR,Ex-Stripe engineer,Event
LogicLabs,Our near weight water consumer part quite program hour school send.,Supply Chain SaaS,Seed,Netherlands,20 enterprise pilots,Ex-Google engineer,Partner referral
PayOps,Budget few after bill loss during field draw wife.,LegalTech,Series A,UK,20 enterprise pilots,Ex-Stripe engineer,Website
LogicIQ,Workflow automation tooling for enterprise users,,seed,United Kingdom,Strong momentum,Technical founder,Event
FlowCloud,Technology solution modernising procurement operations,,Series Seed,England,Growing quickly,Experienced operator,Partner referral
DataCloud,Technology solution modernising procurement operations,,Seed Stage,EMEA-ish,Strong momentum,Technical founder,Website
GridLabs,Data-driven platform for finance teams,,Series Seed,England,,,Event
ScaleCloud,AI platform improving enterprise workflows,,early growth,England,Strong momentum,,Website
LogicAI,Workflow automation tooling for enterprise users,,Seed Stage,London,Growing quickly,,Event
CoreIQ,Platform transforming operational productivity,,early growth,England,Strong momentum,Experienced operator,Website
FlowLabs,Workflow automation tooling for enterprise users,,Seed Stage,EMEA-ish,,,Cold inbound
ScaleCloud,Technology solution modernising procurement operations,,Series Seed,London,Strong momentum,Technical founder,Event
ScaleBridge,Workflow automation tooling for enterprise users,,seed,United Kingdom,Growing quickly,Technical founder,Warm intro
FinLabs,Technology solution modernising procurement operations,,Seed Stage,United Kingdom,Strong momentum,Experienced operator,Partner referral
CloudCloud,Digital infrastructure platform for operational efficiency,,seed,EMEA-ish,Enterprise interest,Experienced operator,Warm intro
CloudForge,Data-driven platform for finance teams,,seed,United Kingdom,,Technical founder,Website
FinForge,Business optimisation software for mid-market firms,,early growth,London,Growing quickly,Experienced operator,Event
CarbonWorks,Technology solution modernising procurement operations,,Series Seed,England,,,Warm intro
PayLabs,Data-driven platform for finance teams,,Seed Stage,London,,Technical founder,Warm intro
FinOps,Data-driven platform for finance teams,,early growth,EMEA-ish,Enterprise interest,Experienced operator,Warm intro
CarbonOps,Data-driven platform for finance teams,,early growth,England,Growing quickly,Technical founder,Warm intro
FlowWorks,Business optimisation software for mid-market firms,,early growth,England,Growing quickly,Experienced operator,Website
CloudIQ,Platform transforming operational productivity,,seed,London,,Experienced operator,Partner referral
CoreBridge,Business optimisation software for mid-market firms,,early growth,United Kingdom,,Experienced operator,Event
FlowIQ,Business optimisation software for mid-market firms,,early growth,England,Enterprise interest,Technical founder,Partner referral
DataForge,Platform transforming operational productivity,,Series Seed,United Kingdom,Growing quickly,,Partner referral
DataStack,Workflow automation tooling for enterprise users,,early growth,England,Growing quickly,Technical founder,Website
ScaleCloud,Technology solution modernising procurement operations,,Series Seed,EMEA-ish,Enterprise interest,Experienced operator,Event
LogicOps,Business optimisation software for mid-market firms,,Series Seed,London,Growing quickly,Experienced operator,Website
CarbonLabs,Platform transforming operational productivity,,Seed Stage,EMEA-ish,,,Warm intro
DataAI,Digital infrastructure platform for operational efficiency,,early growth,England,,Experienced operator,Partner referral
DataBridge,Data-driven platform for finance teams,,early growth,EMEA-ish,Growing quickly,Experienced operator,Warm intro
PayForge,AI platform improving enterprise workflows,,Series Seed,EMEA-ish,Growing quickly,,Cold inbound
LogicOps,Platform transforming operational productivity,,Seed Stage,London,Enterprise interest,Experienced operator,Partner referral
GridPilot,Digital infrastructure platform for operational efficiency,,early growth,London,Growing quickly,Experienced operator,Cold inbound
GridLabs,Digital infrastructure platform for operational efficiency,,early growth,United Kingdom,,,Partner referral
ScaleIQ,Workflow automation tooling for enterprise users,,Seed Stage,EMEA-ish,Growing quickly,Experienced operator,Website
FinLabs,Digital infrastructure platform for operational efficiency,,early growth,England,Enterprise interest,,Cold inbound
CoreBridge,Digital infrastructure platform for operational efficiency,,Series Seed,London,Enterprise interest,,Partner referral
LogicStack,Digital infrastructure platform for operational efficiency,,early growth,London,,,Website
LogicStack,AI platform improving enterprise workflows,,Seed Stage,London,Growing quickly,Technical founder,Cold inbound
FlowCloud,Business optimisation software for mid-market firms,,Series Seed,United Kingdom,Enterprise interest,Technical founder,Cold inbound
CarbonPilot,Technology solution modernising procurement operations,,Series Seed,London,Enterprise interest,,Warm intro
ScaleIQ,Data-driven platform for finance teams,,early growth,EMEA-ish,Growing quickly,,Event
CoreOps,AI platform improving enterprise workflows,,Seed Stage,England,Strong momentum,Technical founder,Event
FinIQ,Platform transforming operational productivity,,early growth,England,Enterprise interest,Experienced operator,Warm intro
DataPilot,Technology solution modernising procurement operations,,Seed Stage,EMEA-ish,,,Cold inbound
CoreForge,Technology solution modernising procurement operations,,Series Seed,United Kingdom,Enterprise interest,Experienced operator,Website
LogicOps,AI platform improving enterprise workflows,,Seed Stage,England,,,Cold inbound
FlowForge,Data-driven platform for finance teams,,Series Seed,EMEA-ish,Growing quickly,,Cold inbound
PayOps,Digital infrastructure platform for operational efficiency,,seed,United Kingdom,Growing quickly,,Warm intro
CarbonWorks,Workflow automation tooling for enterprise users,,Seed Stage,London,,Technical founder,Cold inbound
ScaleWorks,Business optimisation software for mid-market firms,,early growth,London,Strong momentum,Technical founder,Cold inbound
LogicAI,Platform transforming operational productivity,,Seed Stage,EMEA-ish,Enterprise interest,,Warm intro
FlowWorks,Digital infrastructure platform for operational efficiency,,seed,United Kingdom,Strong momentum,,Website
FlowCloud,AI platform improving enterprise workflows,,Series Seed,EMEA-ish,,Technical founder,Cold inbound
CoreLabs,Workflow automation tooling for enterprise users,,seed,England,,,Event
CarbonPilot,Workflow automation tooling for enterprise users,,seed,London,,Experienced operator,Partner referral
GridOps,Technology solution modernising procurement operations,,Series Seed,London,Enterprise interest,,Event
CarbonIQ,Data-driven platform for finance teams,,early growth,London,Enterprise interest,Technical founder,Event
CarbonForge,Technology solution modernising procurement operations,,early growth,England,Strong momentum,Experienced operator,Website
ScaleIQ,AI platform improving enterprise workflows,,Series Seed,United Kingdom,Enterprise interest,Experienced operator,Partner referral
LogicForge,Workflow automation tooling for enterprise users,,early growth,EMEA-ish,Enterprise interest,,Cold inbound
ScaleBridge,AI platform improving enterprise workflows,,seed,London,,Experienced operator,Website
FlowForge,Digital infrastructure platform for operational efficiency,,Seed Stage,EMEA-ish,Enterprise interest,Technical founder,Event
DataIQ,AI platform improving enterprise workflows,,Series Seed,England,Growing quickly,Technical founder,Cold inbound
CloudWorks,Data-driven platform for finance teams,,seed,London,,Experienced operator,Cold inbound
GridStack,Business optimisation software for mid-market firms,,seed,EMEA-ish,Growing quickly,Experienced operator,Partner referral
CoreStack,Business optimisation software for mid-market firms,,early growth,London,Strong momentum,Experienced operator,Partner referral
FinIQ,Digital infrastructure platform for operational efficiency,,Series Seed,London,,Technical founder,Website
GridIQ,Digital infrastructure platform for operational efficiency,,seed,London,Enterprise interest,Experienced operator,Website
CarbonBridge,Technology solution modernising procurement operations,,Seed Stage,England,Strong momentum,Technical founder,Cold inbound
ScaleBridge,Workflow automation tooling for enterprise users,,Series Seed,EMEA-ish,Enterprise interest,,Warm intro
DataLabs,Workflow automation tooling for enterprise users,,Series Seed,England,Enterprise interest,,Website
CoreAI,Business optimisation software for mid-market firms,,seed,EMEA-ish,,Experienced operator,Event
LogicWorks,Data-driven platform for finance teams,,Seed Stage,EMEA-ish,,,Website
PayForge,Workflow automation tooling for enterprise users,,Seed Stage,EMEA-ish,,Technical founder,Warm intro
FinOps,Platform transforming operational productivity,,early growth,United Kingdom,Growing quickly,Experienced operator,Cold inbound
ScaleAI,Data-driven platform for finance teams,,Seed Stage,London,,Experienced operator,Website
DataStack,Digital infrastructure platform for operational efficiency,,seed,England,Strong momentum,Experienced operator,Cold inbound
GridWorks,Data-driven platform for finance teams,,seed,United Kingdom,Growing quickly,Experienced operator,Cold inbound
DataBridge,Workflow automation tooling for enterprise users,,Seed Stage,EMEA-ish,Growing quickly,Experienced operator,Website
DataLabs,Platform transforming operational productivity,,Seed Stage,EMEA-ish,Growing quickly,Experienced operator,Cold inbound
DataOps,AI platform improving enterprise workflows,,Series Seed,England,,Experienced operator,Cold inbound
CarbonBridge,AI platform improving enterprise workflows,,seed,London,Enterprise interest,,Partner referral
CarbonLabs,Workflow automation tooling for enterprise users,,early growth,London,Growing quickly,Experienced operator,Partner referral
DataIQ,Platform transforming operational productivity,,early growth,England,Enterprise interest,,Partner referral
FlowPilot,Platform transforming operational productivity,,seed,London,,Technical founder,Warm intro
GridWorks,Workflow automation tooling for enterprise users,,Seed Stage,EMEA-ish,,Technical founder,Warm intro
FlowCloud,Data-driven platform for finance teams,,seed,London,Enterprise interest,Technical founder,Event
DataForge,AI platform improving enterprise workflows,,Series Seed,England,Strong momentum,,Event
LogicStack,Workflow automation tooling for enterprise users,,Seed Stage,EMEA-ish,Growing quickly,Experienced operator,Event
DataAI,Digital infrastructure platform for operational efficiency,,Seed Stage,United Kingdom,Growing quickly,,Event
GridForge,Business optimisation software for mid-market firms,,early growth,EMEA-ish,Enterprise interest,Experienced operator,Event
CloudIQ,Technology solution modernising procurement operations,,Series Seed,United Kingdom,,Experienced operator,Event
FlowBridge,Workflow automation tooling for enterprise users,,Series Seed,EMEA-ish,Growing quickly,,Cold inbound
FlowAI,Technology solution modernising procurement operations,,seed,EMEA-ish,Growing quickly,,Event
CoreAI,Digital infrastructure platform for operational efficiency,,Seed Stage,United Kingdom,Growing quickly,Technical founder,Partner referral
FinBridge,Data-driven platform for finance teams,,Series Seed,England,Strong momentum,,Partner referral
GridOps,Business optimisation software for mid-market firms,,seed,England,Enterprise interest,,Event
DataPilot,Platform transforming operational productivity,,seed,EMEA-ish,Enterprise interest,Technical founder,Website
FinCloud,Business optimisation software for mid-market firms,,Seed Stage,England,Strong momentum,,Warm intro
CoreOps,Technology solution modernising procurement operations,,seed,United Kingdom,Growing quickly,Experienced operator,Warm intro
ScaleStack,Data-driven platform for finance teams,,Seed Stage,London,Growing quickly,Technical founder,Cold inbound
FlowStack,Technology solution modernising procurement operations,,early growth,England,,Experienced operator,Event
PayOps,Workflow automation tooling for enterprise users,,seed,London,Strong momentum,Technical founder,Warm intro
LogicOps,Data-driven platform for finance teams,,Series Seed,England,,Experienced operator,Event
ScaleAI,Digital infrastructure platform for operational efficiency,,Seed Stage,England,,Technical founder,Event
FlowCloud,Digital infrastructure platform for operational efficiency,,early growth,London,Strong momentum,Experienced operator,Warm intro
LogicAI,Technology solution modernising procurement operations,,Series Seed,United Kingdom,,Experienced operator,Cold inbound
GridOps,Technology solution modernising procurement operations,,Seed Stage,EMEA-ish,Enterprise interest,Experienced operator,Partner referral
GridOps,AI platform improving enterprise workflows,,Seed Stage,EMEA-ish,,,Warm intro
CoreOps,Workflow automation tooling for enterprise users,,Seed Stage,EMEA-ish,Growing quickly,Technical founder,Event
FinLabs,Platform transforming operational productivity,,Seed Stage,London,,,Website
LogicStack,Digital infrastructure platform for operational efficiency,,early growth,England,Strong momentum,Experienced operator,Partner referral
CarbonIQ,AI platform improving enterprise workflows,,Seed Stage,United Kingdom,Strong momentum,,Cold inbound
PayLabs,AI platform improving enterprise workflows,,Series Seed,London,Enterprise interest,,Cold inbound
GridOps,AI platform improving enterprise workflows,,Seed Stage,England,Growing quickly,Experienced operator,Website
CarbonOps,Platform transforming operational productivity,,Seed Stage,England,Enterprise interest,Technical founder,Warm intro
GridPilot,Business optimisation software for mid-market firms,,Seed Stage,United Kingdom,Enterprise interest,,Event
CloudWorks,AI platform improving enterprise workflows,,early growth,United Kingdom,Strong momentum,Experienced operator,Warm intro
FinWorks,Technology solution modernising procurement operations,,Seed Stage,EMEA-ish,,Technical founder,Warm intro
CoreIQ,Digital infrastructure platform for operational efficiency,,seed,United Kingdom,Growing quickly,Experienced operator,Cold inbound
CarbonOps,Business optimisation software for mid-market firms,,Series Seed,United Kingdom,Growing quickly,,Warm intro
CarbonIQ,Data-driven platform for finance teams,,early growth,EMEA-ish,Growing quickly,,Cold inbound
CarbonStack,Technology solution modernising procurement operations,,Seed Stage,England,,,Partner referral
FinIQ,Workflow automation tooling for enterprise users,,Seed Stage,England,Enterprise interest,,Event
ScaleAI,AI platform improving enterprise workflows,,Series Seed,EMEA-ish,Strong momentum,,Partner referral
CloudWorks,Platform transforming operational productivity,,seed,EMEA-ish,,,Event
ScaleStack,Workflow automation tooling for enterprise users,,Series Seed,EMEA-ish,,Experienced operator,Warm intro
PayIQ,Technology solution modernising procurement operations,,seed,England,Growing quickly,,Event
PayIQ,Technology solution modernising procurement operations,,Seed Stage,United Kingdom,Strong momentum,Technical founder,Partner referral
GridForge,Business optimisation software for mid-market firms,,seed,London,Enterprise interest,,Partner referral
CarbonWorks,Workflow automation tooling for enterprise users,,Series Seed,England,Growing quickly,Technical founder,Website
CoreIQ,Technology solution modernising procurement operations,,Seed Stage,EMEA-ish,,Experienced operator,Cold inbound
FinOps,AI platform improving enterprise workflows,,Seed Stage,London,Growing quickly,Technical founder,Cold inbound
FinStack,Workflow automation tooling for enterprise users,,Seed Stage,London,,Technical founder,Partner referral
PayAI,AI platform improving enterprise workflows,,Seed Stage,London,Growing quickly,Technical founder,Website
DataStack,,B2B SaaS,,US,,,Website
LogicIQ,,B2B SaaS,,UK,,,Website
PayPilot,,B2B SaaS,,France,,,Website
CarbonBridge,,B2B SaaS,,US,,,Website
LogicCloud,,B2B SaaS,,US,,,Website
PayBridge,,B2B SaaS,,US,,,Website
CloudIQ,,B2B SaaS,,Canada,,,Website
PayWorks,,B2B SaaS,,US,,,Website
CoreBridge,,B2B SaaS,,Netherlands,,,Website
GridPilot,,B2B SaaS,,Germany,,,Website
CarbonAI,,B2B SaaS,,US,,,Website
CoreLabs,,B2B SaaS,,Canada,,,Website
CoreAI,,B2B SaaS,,Germany,,,Website
CoreStack,,B2B SaaS,,Canada,,,Website
CoreWorks,,B2B SaaS,,US,,,Website
CoreOps,"AI platform for finance, accounting, and forecasting",FinTech SaaS,Seed,UK,£10k MRR,Ex-Stripe engineer,Warm intro
ScaleBridge,"AI platform for finance, accounting, and forecasting",FinTech SaaS,Seed,UK,£10k MRR,Ex-Stripe engineer,Warm intro
PayOps,"AI platform for finance, accounting, and forecasting",FinTech SaaS,Seed,UK,£10k MRR,Ex-Stripe engineer,Warm intro
FlowStack,"AI platform for finance, accounting, and forecasting",FinTech SaaS,Seed,UK,£10k MRR,Ex-Stripe engineer,Warm intro
PayBridge,"AI platform for finance, accounting, and forecasting",FinTech SaaS,Seed,UK,£10k MRR,Ex-Stripe engineer,Warm intro
DataStack,Germany,Series A,Climate SaaS,,20 pilots,,Event
ScaleAI,Germany,Series A,Climate SaaS,,20 pilots,,Event
GridWorks,Germany,Series A,Climate SaaS,,20 pilots,,Event
FlowOps,Germany,Series A,Climate SaaS,,20 pilots,,Event
PayPilot,Germany,Series A,Climate SaaS,,20 pilots,,Event
DataAI,To write know local her practice.,Enterprise AI,Unknown Stage,Mars,,,Website
FinLabs,Tv response even force themselves realize.,Enterprise AI,Unknown Stage,Mars,,,Website
ScaleLabs,Population type close down cold toward.,Enterprise AI,Unknown Stage,Mars,,,Website
CarbonLabs,Show once subject tax.,Enterprise AI,Unknown Stage,Mars,,,Website
ScaleLabs,Official might hope laugh.,Enterprise AI,Unknown Stage,Mars,,,Website
FinOpsAI,AI forecasting platform for CFOs,B2B SaaS,Seed,UK,£30k MRR,Ex-Stripe engineer,Warm intro
Fin Ops AI,AI forecasting platform for CFOs,B2B SaaS,Seed,UK,£30k MRR,Ex-Stripe engineer,Warm intro
FinOps AI Ltd,AI forecasting platform for CFOs,B2B SaaS,Seed,UK,£30k MRR,Ex-Stripe engineer,Warm intro
FinOps-AI,AI forecasting platform for CFOs,B2B SaaS,Seed,UK,£30k MRR,Ex-Stripe engineer,Warm intro
FINOPSAI,AI forecasting platform for CFOs,B2B SaaS,Seed,UK,£30k MRR,Ex-Stripe engineer,Warm intro
PayForge,Enterprise finance platform,B2B SaaS,Pre-seed,UK,£25m ARR,Student founders,Website
LogicOps,Enterprise finance platform,B2B SaaS,Pre-seed,UK,£25m ARR,Student founders,Website
ScaleIQ,Enterprise finance platform,B2B SaaS,Pre-seed,UK,£25m ARR,Student founders,Website
FlowBridge,Enterprise finance platform,B2B SaaS,Pre-seed,UK,£25m ARR,Student founders,Website
ScaleOps,Enterprise finance platform,B2B SaaS,Pre-seed,UK,£25m ARR,Student founders,Website
,,,,,,,
,,,,,,,
,,,,,,,
,,,,,,,
,,,,,,,
